"FlowName","Enabled","DisplayName","UserType","CreatedTime","CreatedBy","LastModifiedTime","EnvironmentName","Internal"
"555f4796-d3d0-4d9e-a0f9-77e96bd81884","False","När ett objekt skapas eller ändras -> Villkor,Hämta filinnehåll,Ska...","Owner","11.02.2022 15:57:55","@{tenantId=7b249638-09df-45a2-b72f-392ddea03793; objectId=2eee4999-e4b4-4e12-9c98-d01b43cb0fe5; userId=2eee4999-e4b4-4e12-9c98-d01b43cb0fe5; userType=ActiveDirectory}","11.02.2022 15:57:55","Default-7b249638-09df-45a2-b72f-392ddea03793","@{name=555f4796-d3d0-4d9e-a0f9-77e96bd81884; id=/providers/Microsoft.ProcessSimple/environments/Default-7b249638-09df-45a2-b72f-392ddea03793/flows/555f4796-d3d0-4d9e-a0f9-77e96bd81884; type=Microsoft.ProcessSimple/environments/flows; properties=}"
"ab2e5458-bc8b-4c0b-b5e7-9188a86586b6","True","ApiConnection -> Fyll i en Microsoft Word-mall","Owner","02.12.2020 10:48:58","@{tenantId=7b249638-09df-45a2-b72f-392ddea03793; objectId=2eee4999-e4b4-4e12-9c98-d01b43cb0fe5; userId=2eee4999-e4b4-4e12-9c98-d01b43cb0fe5; userType=ActiveDirectory}","02.12.2020 11:12:42","Default-7b249638-09df-45a2-b72f-392ddea03793","@{name=ab2e5458-bc8b-4c0b-b5e7-9188a86586b6; id=/providers/Microsoft.ProcessSimple/environments/Default-7b249638-09df-45a2-b72f-392ddea03793/flows/ab2e5458-bc8b-4c0b-b5e7-9188a86586b6; type=Microsoft.ProcessSimple/environments/flows; properties=}"
"dced8ab7-a506-4223-afe6-300e2aa0988e","True","PowerApp -> Get a row,Populate a Microsoft Word template","Owner","16.02.2022 14:32:51","@{tenantId=7b249638-09df-45a2-b72f-392ddea03793; objectId=2eee4999-e4b4-4e12-9c98-d01b43cb0fe5; userId=2eee4999-e4b4-4e12-9c98-d01b43cb0fe5; userType=ActiveDirectory}","22.02.2022 11:04:36","Default-7b249638-09df-45a2-b72f-392ddea03793","@{name=dced8ab7-a506-4223-afe6-300e2aa0988e; id=/providers/Microsoft.ProcessSimple/environments/Default-7b249638-09df-45a2-b72f-392ddea03793/flows/dced8ab7-a506-4223-afe6-300e2aa0988e; type=Microsoft.ProcessSimple/environments/flows; properties=}"
"d19b65b6-d81d-4256-ac36-54bc2735dec6","True","Spara e-postbilagor från Office 365 i OneDrive för företag","Owner","11.01.2019 10:25:32","@{tenantId=7b249638-09df-45a2-b72f-392ddea03793; objectId=53fd9c7a-5806-437c-a04a-a713dd73d6c9; userId=53fd9c7a-5806-437c-a04a-a713dd73d6c9; userType=ActiveDirectory}","11.01.2019 10:25:34","Default-7b249638-09df-45a2-b72f-392ddea03793","@{name=d19b65b6-d81d-4256-ac36-54bc2735dec6; id=/providers/Microsoft.ProcessSimple/environments/Default-7b249638-09df-45a2-b72f-392ddea03793/flows/d19b65b6-d81d-4256-ac36-54bc2735dec6; type=Microsoft.ProcessSimple/environments/flows; properties=}"
"a420c3e3-8db5-465d-9ec8-adfee30cd658","True","HelpDeskFlow","Owner","09.11.2020 12:19:10","@{tenantId=7b249638-09df-45a2-b72f-392ddea03793; objectId=7030cf05-63e5-4afb-ab5e-18942faf34d5; userId=7030cf05-63e5-4afb-ab5e-18942faf34d5; userType=ActiveDirectory}","09.11.2020 12:26:42","Default-7b249638-09df-45a2-b72f-392ddea03793","@{name=a420c3e3-8db5-465d-9ec8-adfee30cd658; id=/providers/Microsoft.ProcessSimple/environments/Default-7b249638-09df-45a2-b72f-392ddea03793/flows/a420c3e3-8db5-465d-9ec8-adfee30cd658; type=Microsoft.ProcessSimple/environments/flows; properties=}"
"a6ba0848-6c3a-4200-b5fe-35168428236e","False","Create a task in Asana when a new email arrives in a shared mailbox","Owner","03.03.2021 05:37:00","@{tenantId=7b249638-09df-45a2-b72f-392ddea03793; objectId=7030cf05-63e5-4afb-ab5e-18942faf34d5; userId=7030cf05-63e5-4afb-ab5e-18942faf34d5; userType=ActiveDirectory}","01.04.2021 08:53:41","Default-7b249638-09df-45a2-b72f-392ddea03793","@{name=a6ba0848-6c3a-4200-b5fe-35168428236e; id=/providers/Microsoft.ProcessSimple/environments/Default-7b249638-09df-45a2-b72f-392ddea03793/flows/a6ba0848-6c3a-4200-b5fe-35168428236e; type=Microsoft.ProcessSimple/environments/flows; properties=}"
"39d4e8f2-fe30-4048-a6bd-4226f039eaaf","False","Spåra dina arbetstimmar","Owner","26.03.2018 16:29:41","@{tenantId=7b249638-09df-45a2-b72f-392ddea03793; objectId=9a131d9b-6f0c-4d2f-9291-6d0c57055278; userId=9a131d9b-6f0c-4d2f-9291-6d0c57055278; userType=ActiveDirectory}","26.03.2018 16:35:32","Default-7b249638-09df-45a2-b72f-392ddea03793","@{name=39d4e8f2-fe30-4048-a6bd-4226f039eaaf; id=/providers/Microsoft.ProcessSimple/environments/Default-7b249638-09df-45a2-b72f-392ddea03793/flows/39d4e8f2-fe30-4048-a6bd-4226f039eaaf; type=Microsoft.ProcessSimple/environments/flows; properties=}"
"03a74ca5-4cca-4a65-9b01-c786654330dc","False","Spara formulärsvar i SharePoint - 4","Owner","12.11.2018 11:51:10","@{tenantId=7b249638-09df-45a2-b72f-392ddea03793; objectId=cd5d90d8-be95-4d5c-b236-5e1f24029183; userId=cd5d90d8-be95-4d5c-b236-5e1f24029183; userType=ActiveDirectory}","12.11.2018 12:03:28","Default-7b249638-09df-45a2-b72f-392ddea03793","@{name=03a74ca5-4cca-4a65-9b01-c786654330dc; id=/providers/Microsoft.ProcessSimple/environments/Default-7b249638-09df-45a2-b72f-392ddea03793/flows/03a74ca5-4cca-4a65-9b01-c786654330dc; type=Microsoft.ProcessSimple/environments/flows; properties=}"
"42e0facf-4227-429c-b1fe-e550560189ca","False","Spara formulärsvar i SharePoint - 3","Owner","22.10.2018 13:57:01","@{tenantId=7b249638-09df-45a2-b72f-392ddea03793; objectId=cd5d90d8-be95-4d5c-b236-5e1f24029183; userId=cd5d90d8-be95-4d5c-b236-5e1f24029183; userType=ActiveDirectory}","22.10.2018 13:57:06","Default-7b249638-09df-45a2-b72f-392ddea03793","@{name=42e0facf-4227-429c-b1fe-e550560189ca; id=/providers/Microsoft.ProcessSimple/environments/Default-7b249638-09df-45a2-b72f-392ddea03793/flows/42e0facf-4227-429c-b1fe-e550560189ca; type=Microsoft.ProcessSimple/environments/flows; properties=}"
"6a7488ba-a6aa-4e26-9375-2b10f6562417","False","Spara formulärsvar i SharePoint","Owner","22.08.2018 10:00:12","@{tenantId=7b249638-09df-45a2-b72f-392ddea03793; objectId=cd5d90d8-be95-4d5c-b236-5e1f24029183; userId=cd5d90d8-be95-4d5c-b236-5e1f24029183; userType=ActiveDirectory}","22.08.2018 10:04:08","Default-7b249638-09df-45a2-b72f-392ddea03793","@{name=6a7488ba-a6aa-4e26-9375-2b10f6562417; id=/providers/Microsoft.ProcessSimple/environments/Default-7b249638-09df-45a2-b72f-392ddea03793/flows/6a7488ba-a6aa-4e26-9375-2b10f6562417; type=Microsoft.ProcessSimple/environments/flows; properties=}"
"a081e7c6-48f8-4759-bf33-5e5df69d9437","False","OTO - Anmälning","Owner","15.03.2019 13:07:54","@{tenantId=7b249638-09df-45a2-b72f-392ddea03793; objectId=cd5d90d8-be95-4d5c-b236-5e1f24029183; userId=cd5d90d8-be95-4d5c-b236-5e1f24029183; userType=ActiveDirectory}","18.08.2020 12:57:35","Default-7b249638-09df-45a2-b72f-392ddea03793","@{name=a081e7c6-48f8-4759-bf33-5e5df69d9437; id=/providers/Microsoft.ProcessSimple/environments/Default-7b249638-09df-45a2-b72f-392ddea03793/flows/a081e7c6-48f8-4759-bf33-5e5df69d9437; type=Microsoft.ProcessSimple/environments/flows; properties=}"
"fb8ad6df-63a0-4209-8d80-1f46bc6b0fd5","False","Skicka ett e-postmeddelande när ett objekt i en SharePoint-lista ändras","Owner","29.06.2018 13:43:04","@{tenantId=7b249638-09df-45a2-b72f-392ddea03793; objectId=cd5d90d8-be95-4d5c-b236-5e1f24029183; userId=cd5d90d8-be95-4d5c-b236-5e1f24029183; userType=ActiveDirectory}","29.06.2018 13:43:04","Default-7b249638-09df-45a2-b72f-392ddea03793","@{name=fb8ad6df-63a0-4209-8d80-1f46bc6b0fd5; id=/providers/Microsoft.ProcessSimple/environments/Default-7b249638-09df-45a2-b72f-392ddea03793/flows/fb8ad6df-63a0-4209-8d80-1f46bc6b0fd5; type=Microsoft.ProcessSimple/environments/flows; properties=}"
"05df188d-5528-4151-af98-aeba4910b0bd","False","PowerApp -> Create a task","Owner","18.01.2018 00:50:27","@{tenantId=7b249638-09df-45a2-b72f-392ddea03793; objectId=eddb2e5d-3967-497f-ba47-ab350dc3fdc2; userId=eddb2e5d-3967-497f-ba47-ab350dc3fdc2; userType=ActiveDirectory}","02.05.2018 07:22:03","Default-7b249638-09df-45a2-b72f-392ddea03793","@{name=05df188d-5528-4151-af98-aeba4910b0bd; id=/providers/Microsoft.ProcessSimple/environments/Default-7b249638-09df-45a2-b72f-392ddea03793/flows/05df188d-5528-4151-af98-aeba4910b0bd; type=Microsoft.ProcessSimple/environments/flows; properties=}"
"1fc672e2-d6c9-483d-ab98-9e9e102471e7","False","Test_TicketingSystem","Owner","03.07.2021 10:58:34","@{tenantId=7b249638-09df-45a2-b72f-392ddea03793; objectId=eddb2e5d-3967-497f-ba47-ab350dc3fdc2; userId=eddb2e5d-3967-497f-ba47-ab350dc3fdc2; userType=ActiveDirectory}","03.07.2021 11:23:36","Default-7b249638-09df-45a2-b72f-392ddea03793","@{name=1fc672e2-d6c9-483d-ab98-9e9e102471e7; id=/providers/Microsoft.ProcessSimple/environments/Default-7b249638-09df-45a2-b72f-392ddea03793/flows/1fc672e2-d6c9-483d-ab98-9e9e102471e7; type=Microsoft.ProcessSimple/environments/flows; properties=}"
"2410c535-4bc3-4ef9-aeae-d1e669e9a2a3","False","ErikSandboxCasesSendComment","Owner","03.07.2021 21:27:19","@{tenantId=7b249638-09df-45a2-b72f-392ddea03793; objectId=eddb2e5d-3967-497f-ba47-ab350dc3fdc2; userId=eddb2e5d-3967-497f-ba47-ab350dc3fdc2; userType=ActiveDirectory}","03.07.2021 21:52:23","Default-7b249638-09df-45a2-b72f-392ddea03793","@{name=2410c535-4bc3-4ef9-aeae-d1e669e9a2a3; id=/providers/Microsoft.ProcessSimple/environments/Default-7b249638-09df-45a2-b72f-392ddea03793/flows/2410c535-4bc3-4ef9-aeae-d1e669e9a2a3; type=Microsoft.ProcessSimple/environments/flows; properties=}"
"3164474f-07fb-4aaf-91c5-08ad4bf09061","False","Flaggade mail till outlook","Owner","08.12.2017 22:06:55","@{tenantId=7b249638-09df-45a2-b72f-392ddea03793; objectId=eddb2e5d-3967-497f-ba47-ab350dc3fdc2; userId=eddb2e5d-3967-497f-ba47-ab350dc3fdc2; userType=ActiveDirectory}","02.05.2018 07:22:54","Default-7b249638-09df-45a2-b72f-392ddea03793","@{name=3164474f-07fb-4aaf-91c5-08ad4bf09061; id=/providers/Microsoft.ProcessSimple/environments/Default-7b249638-09df-45a2-b72f-392ddea03793/flows/3164474f-07fb-4aaf-91c5-08ad4bf09061; type=Microsoft.ProcessSimple/environments/flows; properties=}"
"334e0dc2-efad-4898-8e9b-128f701997ae","False","KnappSkapaPlannerTask","Owner","17.01.2018 23:43:29","@{tenantId=7b249638-09df-45a2-b72f-392ddea03793; objectId=eddb2e5d-3967-497f-ba47-ab350dc3fdc2; userId=eddb2e5d-3967-497f-ba47-ab350dc3fdc2; userType=ActiveDirectory}","02.05.2018 07:23:19","Default-7b249638-09df-45a2-b72f-392ddea03793","@{name=334e0dc2-efad-4898-8e9b-128f701997ae; id=/providers/Microsoft.ProcessSimple/environments/Default-7b249638-09df-45a2-b72f-392ddea03793/flows/334e0dc2-efad-4898-8e9b-128f701997ae; type=Microsoft.ProcessSimple/environments/flows; properties=}"
"35c90a91-66d1-4d43-bac5-5a033b4b7b1a","False","Skapa en OneNote-snabbanteckning för viktiga e-postmeddelanden","Owner","08.12.2017 21:53:34","@{tenantId=7b249638-09df-45a2-b72f-392ddea03793; objectId=eddb2e5d-3967-497f-ba47-ab350dc3fdc2; userId=eddb2e5d-3967-497f-ba47-ab350dc3fdc2; userType=ActiveDirectory}","25.04.2018 13:39:58","Default-7b249638-09df-45a2-b72f-392ddea03793","@{name=35c90a91-66d1-4d43-bac5-5a033b4b7b1a; id=/providers/Microsoft.ProcessSimple/environments/Default-7b249638-09df-45a2-b72f-392ddea03793/flows/35c90a91-66d1-4d43-bac5-5a033b4b7b1a; type=Microsoft.ProcessSimple/environments/flows; properties=}"
"4c687d39-ee5c-469d-9376-9002568e5b94","False","Button -> List tasks","Owner","17.01.2018 23:22:15","@{tenantId=7b249638-09df-45a2-b72f-392ddea03793; objectId=eddb2e5d-3967-497f-ba47-ab350dc3fdc2; userId=eddb2e5d-3967-497f-ba47-ab350dc3fdc2; userType=ActiveDirectory}","02.05.2018 07:23:11","Default-7b249638-09df-45a2-b72f-392ddea03793","@{name=4c687d39-ee5c-469d-9376-9002568e5b94; id=/providers/Microsoft.ProcessSimple/environments/Default-7b249638-09df-45a2-b72f-392ddea03793/flows/4c687d39-ee5c-469d-9376-9002568e5b94; type=Microsoft.ProcessSimple/environments/flows; properties=}"
"6d845d05-04e9-4db4-8620-30d41c97d81e","False","ErikSandboxCasesUpsertCase","Owner","03.07.2021 14:26:12","@{tenantId=7b249638-09df-45a2-b72f-392ddea03793; objectId=eddb2e5d-3967-497f-ba47-ab350dc3fdc2; userId=eddb2e5d-3967-497f-ba47-ab350dc3fdc2; userType=ActiveDirectory}","23.08.2021 06:29:09","Default-7b249638-09df-45a2-b72f-392ddea03793","@{name=6d845d05-04e9-4db4-8620-30d41c97d81e; id=/providers/Microsoft.ProcessSimple/environments/Default-7b249638-09df-45a2-b72f-392ddea03793/flows/6d845d05-04e9-4db4-8620-30d41c97d81e; type=Microsoft.ProcessSimple/environments/flows; properties=}"
"7f5535a1-88df-4e2a-a668-9900807de4cc","False","FlaggingEmailCreatePlannerTask","Owner","17.01.2018 12:14:36","@{tenantId=7b249638-09df-45a2-b72f-392ddea03793; objectId=eddb2e5d-3967-497f-ba47-ab350dc3fdc2; userId=eddb2e5d-3967-497f-ba47-ab350dc3fdc2; userType=ActiveDirectory}","02.05.2018 07:23:15","Default-7b249638-09df-45a2-b72f-392ddea03793","@{name=7f5535a1-88df-4e2a-a668-9900807de4cc; id=/providers/Microsoft.ProcessSimple/environments/Default-7b249638-09df-45a2-b72f-392ddea03793/flows/7f5535a1-88df-4e2a-a668-9900807de4cc; type=Microsoft.ProcessSimple/environments/flows; properties=}"
"9b21b829-78c5-431b-a001-9a942934098c","False","När ett e-postmeddelande flaggas -> Lägg till en att göra-uppgift","Owner","09.11.2018 08:00:38","@{tenantId=7b249638-09df-45a2-b72f-392ddea03793; objectId=eddb2e5d-3967-497f-ba47-ab350dc3fdc2; userId=eddb2e5d-3967-497f-ba47-ab350dc3fdc2; userType=ActiveDirectory}","09.11.2018 08:01:34","Default-7b249638-09df-45a2-b72f-392ddea03793","@{name=9b21b829-78c5-431b-a001-9a942934098c; id=/providers/Microsoft.ProcessSimple/environments/Default-7b249638-09df-45a2-b72f-392ddea03793/flows/9b21b829-78c5-431b-a001-9a942934098c; type=Microsoft.ProcessSimple/environments/flows; properties=}"
"beb18210-2527-4443-a2de-ddfb69952857","False","När ett nytt e-postmeddelande kommer -> Create a task,EmailBodyPlainText,Fördröjning,Update task details,Skicka ett e-postmeddelande","Owner","18.01.2018 00:20:13","@{tenantId=7b249638-09df-45a2-b72f-392ddea03793; objectId=eddb2e5d-3967-497f-ba47-ab350dc3fdc2; userId=eddb2e5d-3967-497f-ba47-ab350dc3fdc2; userType=ActiveDirectory}","02.05.2018 07:21:22","Default-7b249638-09df-45a2-b72f-392ddea03793","@{name=beb18210-2527-4443-a2de-ddfb69952857; id=/providers/Microsoft.ProcessSimple/environments/Default-7b249638-09df-45a2-b72f-392ddea03793/flows/beb18210-2527-4443-a2de-ddfb69952857; type=Microsoft.ProcessSimple/environments/flows; properties=}"
"cb352b51-faf8-4f62-84b6-3974e7bca53b","False","Kalenderhändelser till Trello","Owner","26.12.2018 11:46:23","@{tenantId=7b249638-09df-45a2-b72f-392ddea03793; objectId=eddb2e5d-3967-497f-ba47-ab350dc3fdc2; userId=eddb2e5d-3967-497f-ba47-ab350dc3fdc2; userType=ActiveDirectory}","26.12.2018 11:46:23","Default-7b249638-09df-45a2-b72f-392ddea03793","@{name=cb352b51-faf8-4f62-84b6-3974e7bca53b; id=/providers/Microsoft.ProcessSimple/environments/Default-7b249638-09df-45a2-b72f-392ddea03793/flows/cb352b51-faf8-4f62-84b6-3974e7bca53b; type=Microsoft.ProcessSimple/environments/flows; properties=}"
"e3f7735b-5aa1-4253-abe3-c4ff61e586e7","False","Skapa todo från flaggat email","Owner","20.03.2018 09:06:21","@{tenantId=7b249638-09df-45a2-b72f-392ddea03793; objectId=eddb2e5d-3967-497f-ba47-ab350dc3fdc2; userId=eddb2e5d-3967-497f-ba47-ab350dc3fdc2; userType=ActiveDirectory}","02.05.2018 07:23:25","Default-7b249638-09df-45a2-b72f-392ddea03793","@{name=e3f7735b-5aa1-4253-abe3-c4ff61e586e7; id=/providers/Microsoft.ProcessSimple/environments/Default-7b249638-09df-45a2-b72f-392ddea03793/flows/e3f7735b-5aa1-4253-abe3-c4ff61e586e7; type=Microsoft.ProcessSimple/environments/flows; properties=}"
"047ac937-cda4-4ffa-bf04-3bec6aa07d71","True","Send to sharepoint","Owner","01.06.2022 09:25:59","@{tenantId=7b249638-09df-45a2-b72f-392ddea03793; objectId=f4b7235b-8392-408d-abdc-0724e56a9ecd; userId=f4b7235b-8392-408d-abdc-0724e56a9ecd; userType=ActiveDirectory}","19.01.2023 18:33:18","Default-7b249638-09df-45a2-b72f-392ddea03793","@{name=047ac937-cda4-4ffa-bf04-3bec6aa07d71; id=/providers/Microsoft.ProcessSimple/environments/Default-7b249638-09df-45a2-b72f-392ddea03793/flows/047ac937-cda4-4ffa-bf04-3bec6aa07d71; type=Microsoft.ProcessSimple/environments/flows; properties=}"
"22b19f60-ce7f-4b45-938a-bea34ce0a00c","True","Delete file in sharepoint","Owner","01.06.2022 09:50:50","@{tenantId=7b249638-09df-45a2-b72f-392ddea03793; objectId=f4b7235b-8392-408d-abdc-0724e56a9ecd; userId=f4b7235b-8392-408d-abdc-0724e56a9ecd; userType=ActiveDirectory}","19.01.2023 18:35:27","Default-7b249638-09df-45a2-b72f-392ddea03793","@{name=22b19f60-ce7f-4b45-938a-bea34ce0a00c; id=/providers/Microsoft.ProcessSimple/environments/Default-7b249638-09df-45a2-b72f-392ddea03793/flows/22b19f60-ce7f-4b45-938a-bea34ce0a00c; type=Microsoft.ProcessSimple/environments/flows; properties=}"
"248c4371-4510-4132-974c-28476748de23","True","Delete folder in sharepoint","Owner","22.09.2022 09:34:26","@{tenantId=7b249638-09df-45a2-b72f-392ddea03793; objectId=f4b7235b-8392-408d-abdc-0724e56a9ecd; userId=f4b7235b-8392-408d-abdc-0724e56a9ecd; userType=ActiveDirectory}","19.01.2023 19:15:32","Default-7b249638-09df-45a2-b72f-392ddea03793","@{name=248c4371-4510-4132-974c-28476748de23; id=/providers/Microsoft.ProcessSimple/environments/Default-7b249638-09df-45a2-b72f-392ddea03793/flows/248c4371-4510-4132-974c-28476748de23; type=Microsoft.ProcessSimple/environments/flows; properties=}"
"682fd203-2ef0-4bba-8ca8-ef10740878f6","True","Send revision reminder email for folder","Owner","13.01.2023 08:27:29","@{tenantId=7b249638-09df-45a2-b72f-392ddea03793; objectId=f4b7235b-8392-408d-abdc-0724e56a9ecd; userId=f4b7235b-8392-408d-abdc-0724e56a9ecd; userType=ActiveDirectory}","13.01.2023 09:02:55","Default-7b249638-09df-45a2-b72f-392ddea03793","@{name=682fd203-2ef0-4bba-8ca8-ef10740878f6; id=/providers/Microsoft.ProcessSimple/environments/Default-7b249638-09df-45a2-b72f-392ddea03793/flows/682fd203-2ef0-4bba-8ca8-ef10740878f6; type=Microsoft.ProcessSimple/environments/flows; properties=}"
"6ac3013f-960b-4c0e-a649-ff778809073f","True","Set content approval status on file","Owner","01.06.2022 09:33:18","@{tenantId=7b249638-09df-45a2-b72f-392ddea03793; objectId=f4b7235b-8392-408d-abdc-0724e56a9ecd; userId=f4b7235b-8392-408d-abdc-0724e56a9ecd; userType=ActiveDirectory}","01.06.2022 09:33:18","Default-7b249638-09df-45a2-b72f-392ddea03793","@{name=6ac3013f-960b-4c0e-a649-ff778809073f; id=/providers/Microsoft.ProcessSimple/environments/Default-7b249638-09df-45a2-b72f-392ddea03793/flows/6ac3013f-960b-4c0e-a649-ff778809073f; type=Microsoft.ProcessSimple/environments/flows; properties=}"
"a51098b0-08c2-4164-afe4-7ceef40552ff","True","Send email","Owner","01.06.2022 09:35:50","@{tenantId=7b249638-09df-45a2-b72f-392ddea03793; objectId=f4b7235b-8392-408d-abdc-0724e56a9ecd; userId=f4b7235b-8392-408d-abdc-0724e56a9ecd; userType=ActiveDirectory}","01.06.2022 09:35:51","Default-7b249638-09df-45a2-b72f-392ddea03793","@{name=a51098b0-08c2-4164-afe4-7ceef40552ff; id=/providers/Microsoft.ProcessSimple/environments/Default-7b249638-09df-45a2-b72f-392ddea03793/flows/a51098b0-08c2-4164-afe4-7ceef40552ff; type=Microsoft.ProcessSimple/environments/flows; properties=}"
"a63aea38-a54c-41d2-8237-d0a2a0f926b5","True","Move file in sharepoint","Owner","01.06.2022 09:47:58","@{tenantId=7b249638-09df-45a2-b72f-392ddea03793; objectId=f4b7235b-8392-408d-abdc-0724e56a9ecd; userId=f4b7235b-8392-408d-abdc-0724e56a9ecd; userType=ActiveDirectory}","19.01.2023 19:16:02","Default-7b249638-09df-45a2-b72f-392ddea03793","@{name=a63aea38-a54c-41d2-8237-d0a2a0f926b5; id=/providers/Microsoft.ProcessSimple/environments/Default-7b249638-09df-45a2-b72f-392ddea03793/flows/a63aea38-a54c-41d2-8237-d0a2a0f926b5; type=Microsoft.ProcessSimple/environments/flows; properties=}"
"cc5c63c1-6976-4c37-8e9b-48ff869b318b","True","Move file in teams","Owner","05.07.2022 07:48:17","@{tenantId=7b249638-09df-45a2-b72f-392ddea03793; objectId=f4b7235b-8392-408d-abdc-0724e56a9ecd; userId=f4b7235b-8392-408d-abdc-0724e56a9ecd; userType=ActiveDirectory}","05.07.2022 07:48:17","Default-7b249638-09df-45a2-b72f-392ddea03793","@{name=cc5c63c1-6976-4c37-8e9b-48ff869b318b; id=/providers/Microsoft.ProcessSimple/environments/Default-7b249638-09df-45a2-b72f-392ddea03793/flows/cc5c63c1-6976-4c37-8e9b-48ff869b318b; type=Microsoft.ProcessSimple/environments/flows; properties=}"
"8bb0733a-3be4-4432-9001-5aec3346aefd","False","Skapa en Planner-uppgift","Owner","17.01.2023 07:13:04","@{tenantId=7b249638-09df-45a2-b72f-392ddea03793; objectId=6733f469-4183-4cc6-be6b-17f95b1d0327; userId=6733f469-4183-4cc6-be6b-17f95b1d0327; userType=ActiveDirectory}","17.01.2023 07:13:04","Default-7b249638-09df-45a2-b72f-392ddea03793","@{name=8bb0733a-3be4-4432-9001-5aec3346aefd; id=/providers/Microsoft.ProcessSimple/environments/Default-7b249638-09df-45a2-b72f-392ddea03793/flows/8bb0733a-3be4-4432-9001-5aec3346aefd; type=Microsoft.ProcessSimple/environments/flows; properties=}"
"7d57e411-ebd9-4c18-b0b3-ff38626a88d7","True","Tar bort alla svar från Microsoft forms (23:55, Varje dag). ","Owner","02.11.2022 15:45:03","@{tenantId=7b249638-09df-45a2-b72f-392ddea03793; objectId=0f591ed1-f447-42f3-a9da-13554e3db088; userId=0f591ed1-f447-42f3-a9da-13554e3db088; userType=ActiveDirectory}","03.11.2022 07:47:00","Default-7b249638-09df-45a2-b72f-392ddea03793","@{name=7d57e411-ebd9-4c18-b0b3-ff38626a88d7; id=/providers/Microsoft.ProcessSimple/environments/Default-7b249638-09df-45a2-b72f-392ddea03793/flows/7d57e411-ebd9-4c18-b0b3-ff38626a88d7; type=Microsoft.ProcessSimple/environments/flows; properties=}"
"99a54346-3231-4959-827b-3562f7b68050","True","Hämtar svarsformulär och fyller på sharepoint & mailar. ","Owner","14.10.2022 14:55:20","@{tenantId=7b249638-09df-45a2-b72f-392ddea03793; objectId=0f591ed1-f447-42f3-a9da-13554e3db088; userId=0f591ed1-f447-42f3-a9da-13554e3db088; userType=ActiveDirectory}","14.11.2022 08:42:38","Default-7b249638-09df-45a2-b72f-392ddea03793","@{name=99a54346-3231-4959-827b-3562f7b68050; id=/providers/Microsoft.ProcessSimple/environments/Default-7b249638-09df-45a2-b72f-392ddea03793/flows/99a54346-3231-4959-827b-3562f7b68050; type=Microsoft.ProcessSimple/environments/flows; properties=}"
"be80f35d-7160-4930-af0c-869af19060f9","True","Skaffa en e-postpåminnelse","Owner","08.04.2022 13:50:35","@{tenantId=7b249638-09df-45a2-b72f-392ddea03793; objectId=3aa08070-1d51-4536-ab9a-d310e1ac9081; userId=3aa08070-1d51-4536-ab9a-d310e1ac9081; userType=ActiveDirectory}","08.04.2022 13:50:36","Default-7b249638-09df-45a2-b72f-392ddea03793","@{name=be80f35d-7160-4930-af0c-869af19060f9; id=/providers/Microsoft.ProcessSimple/environments/Default-7b249638-09df-45a2-b72f-392ddea03793/flows/be80f35d-7160-4930-af0c-869af19060f9; type=Microsoft.ProcessSimple/environments/flows; properties=}"
"d6650c47-f4b3-4e85-b0d9-58c97f0b46c5","True","Skaffa en e-postpåminnelse - 2","Owner","08.04.2022 14:13:17","@{tenantId=7b249638-09df-45a2-b72f-392ddea03793; objectId=3aa08070-1d51-4536-ab9a-d310e1ac9081; userId=3aa08070-1d51-4536-ab9a-d310e1ac9081; userType=ActiveDirectory}","08.04.2022 14:13:17","Default-7b249638-09df-45a2-b72f-392ddea03793","@{name=d6650c47-f4b3-4e85-b0d9-58c97f0b46c5; id=/providers/Microsoft.ProcessSimple/environments/Default-7b249638-09df-45a2-b72f-392ddea03793/flows/d6650c47-f4b3-4e85-b0d9-58c97f0b46c5; type=Microsoft.ProcessSimple/environments/flows; properties=}"
"8f3408fa-323f-4483-9e77-6993eb56c88b","False","Hardware Hash","Owner","19.08.2021 11:55:38","@{tenantId=7b249638-09df-45a2-b72f-392ddea03793; objectId=e6b6797e-1af4-488c-bc71-25efb147cca4; userId=e6b6797e-1af4-488c-bc71-25efb147cca4; userType=ActiveDirectory}","19.08.2021 13:03:03","Default-7b249638-09df-45a2-b72f-392ddea03793","@{name=8f3408fa-323f-4483-9e77-6993eb56c88b; id=/providers/Microsoft.ProcessSimple/environments/Default-7b249638-09df-45a2-b72f-392ddea03793/flows/8f3408fa-323f-4483-9e77-6993eb56c88b; type=Microsoft.ProcessSimple/environments/flows; properties=}"
"c42eba3e-e53f-41d8-aa22-de95c93ac4ff","True","Employeeflow - Rapportgenerering","Owner","30.10.2020 10:32:43","@{tenantId=7b249638-09df-45a2-b72f-392ddea03793; objectId=2f36f828-45f7-4f5d-bab2-5e973460e11d; userId=2f36f828-45f7-4f5d-bab2-5e973460e11d; userType=ActiveDirectory}","30.10.2020 14:08:09","Default-7b249638-09df-45a2-b72f-392ddea03793","@{name=c42eba3e-e53f-41d8-aa22-de95c93ac4ff; id=/providers/Microsoft.ProcessSimple/environments/Default-7b249638-09df-45a2-b72f-392ddea03793/flows/c42eba3e-e53f-41d8-aa22-de95c93ac4ff; type=Microsoft.ProcessSimple/environments/flows; properties=}"
"c8172c21-172b-488d-a775-a95e96c6d155","False","Employeeflow - Mail avslut","Owner","30.10.2020 12:36:42","@{tenantId=7b249638-09df-45a2-b72f-392ddea03793; objectId=2f36f828-45f7-4f5d-bab2-5e973460e11d; userId=2f36f828-45f7-4f5d-bab2-5e973460e11d; userType=ActiveDirectory}","30.10.2020 12:46:13","Default-7b249638-09df-45a2-b72f-392ddea03793","@{name=c8172c21-172b-488d-a775-a95e96c6d155; id=/providers/Microsoft.ProcessSimple/environments/Default-7b249638-09df-45a2-b72f-392ddea03793/flows/c8172c21-172b-488d-a775-a95e96c6d155; type=Microsoft.ProcessSimple/environments/flows; properties=}"
"397c7876-fb1d-4fd7-971b-bff9d787d4e9","True","ToU - When a new response is submitted -> Create item,Get response details","Owner","09.12.2022 11:03:35","@{tenantId=7b249638-09df-45a2-b72f-392ddea03793; objectId=5e88752a-7b80-4670-94d5-c66412d5d989; userId=5e88752a-7b80-4670-94d5-c66412d5d989; userType=ActiveDirectory}","09.12.2022 11:21:02","Default-7b249638-09df-45a2-b72f-392ddea03793","@{name=397c7876-fb1d-4fd7-971b-bff9d787d4e9; id=/providers/Microsoft.ProcessSimple/environments/Default-7b249638-09df-45a2-b72f-392ddea03793/flows/397c7876-fb1d-4fd7-971b-bff9d787d4e9; type=Microsoft.ProcessSimple/environments/flows; properties=}"
"3f28df5d-7fdf-40a5-9bc1-900bd81f3316","True","PT - Skapa en uppgift i Planner från Microsoft Forms och publicera ett meddelande till Teams - 3","Owner","18.10.2022 15:16:18","@{tenantId=7b249638-09df-45a2-b72f-392ddea03793; objectId=5e88752a-7b80-4670-94d5-c66412d5d989; userId=5e88752a-7b80-4670-94d5-c66412d5d989; userType=ActiveDirectory}","09.12.2022 10:49:46","Default-7b249638-09df-45a2-b72f-392ddea03793","@{name=3f28df5d-7fdf-40a5-9bc1-900bd81f3316; id=/providers/Microsoft.ProcessSimple/environments/Default-7b249638-09df-45a2-b72f-392ddea03793/flows/3f28df5d-7fdf-40a5-9bc1-900bd81f3316; type=Microsoft.ProcessSimple/environments/flows; properties=}"
"7af58a16-d000-4a80-a71c-87bd0a728c39","True","PT - When an item is created or modified -> Update a task,Initialize var...","Owner","08.12.2022 09:47:40","@{tenantId=7b249638-09df-45a2-b72f-392ddea03793; objectId=5e88752a-7b80-4670-94d5-c66412d5d989; userId=5e88752a-7b80-4670-94d5-c66412d5d989; userType=ActiveDirectory}","09.12.2022 10:48:47","Default-7b249638-09df-45a2-b72f-392ddea03793","@{name=7af58a16-d000-4a80-a71c-87bd0a728c39; id=/providers/Microsoft.ProcessSimple/environments/Default-7b249638-09df-45a2-b72f-392ddea03793/flows/7af58a16-d000-4a80-a71c-87bd0a728c39; type=Microsoft.ProcessSimple/environments/flows; properties=}"
"8ede5506-ed04-41ee-a601-068a0668e46c","False","When a new response is submitted -> Get response details,Create ite...","Owner","09.12.2022 11:30:32","@{tenantId=7b249638-09df-45a2-b72f-392ddea03793; objectId=5e88752a-7b80-4670-94d5-c66412d5d989; userId=5e88752a-7b80-4670-94d5-c66412d5d989; userType=ActiveDirectory}","09.12.2022 11:30:33","Default-7b249638-09df-45a2-b72f-392ddea03793","@{name=8ede5506-ed04-41ee-a601-068a0668e46c; id=/providers/Microsoft.ProcessSimple/environments/Default-7b249638-09df-45a2-b72f-392ddea03793/flows/8ede5506-ed04-41ee-a601-068a0668e46c; type=Microsoft.ProcessSimple/environments/flows; properties=}"
"ae8f1f59-a419-4ae3-8fbc-264473699188","True","PT - When an item is created or modified -> Create new folder","Owner","08.12.2022 08:24:16","@{tenantId=7b249638-09df-45a2-b72f-392ddea03793; objectId=5e88752a-7b80-4670-94d5-c66412d5d989; userId=5e88752a-7b80-4670-94d5-c66412d5d989; userType=ActiveDirectory}","09.12.2022 10:49:26","Default-7b249638-09df-45a2-b72f-392ddea03793","@{name=ae8f1f59-a419-4ae3-8fbc-264473699188; id=/providers/Microsoft.ProcessSimple/environments/Default-7b249638-09df-45a2-b72f-392ddea03793/flows/ae8f1f59-a419-4ae3-8fbc-264473699188; type=Microsoft.ProcessSimple/environments/flows; properties=}"
"f12b99e3-2452-4650-bf96-6d11e7856ad9","True","PT - When a new response is submitted -> Get response details,Create item","Owner","08.12.2022 07:53:08","@{tenantId=7b249638-09df-45a2-b72f-392ddea03793; objectId=5e88752a-7b80-4670-94d5-c66412d5d989; userId=5e88752a-7b80-4670-94d5-c66412d5d989; userType=ActiveDirectory}","09.12.2022 12:18:04","Default-7b249638-09df-45a2-b72f-392ddea03793","@{name=f12b99e3-2452-4650-bf96-6d11e7856ad9; id=/providers/Microsoft.ProcessSimple/environments/Default-7b249638-09df-45a2-b72f-392ddea03793/flows/f12b99e3-2452-4650-bf96-6d11e7856ad9; type=Microsoft.ProcessSimple/environments/flows; properties=}"
"0885fc18-22c6-4359-a173-653a6cbfff42","True","Anställningsflöde - Steg 4 - externa system","Owner","15.06.2022 06:27:10","@{tenantId=7b249638-09df-45a2-b72f-392ddea03793; objectId=6921b534-dd3f-4b8b-9e4c-d50dbd6d066b; userId=6921b534-dd3f-4b8b-9e4c-d50dbd6d066b; userType=ActiveDirectory}","11.10.2022 09:10:01","Default-7b249638-09df-45a2-b72f-392ddea03793","@{name=0885fc18-22c6-4359-a173-653a6cbfff42; id=/providers/Microsoft.ProcessSimple/environments/Default-7b249638-09df-45a2-b72f-392ddea03793/flows/0885fc18-22c6-4359-a173-653a6cbfff42; type=Microsoft.ProcessSimple/environments/flows; properties=}"
"08f34f3e-e071-4034-bad1-64cf872c4ba7","True","Test Sharepoint filter scope","Owner","17.09.2022 18:41:28","@{tenantId=7b249638-09df-45a2-b72f-392ddea03793; objectId=6921b534-dd3f-4b8b-9e4c-d50dbd6d066b; userId=6921b534-dd3f-4b8b-9e4c-d50dbd6d066b; userType=ActiveDirectory}","19.09.2022 12:33:15","Default-7b249638-09df-45a2-b72f-392ddea03793","@{name=08f34f3e-e071-4034-bad1-64cf872c4ba7; id=/providers/Microsoft.ProcessSimple/environments/Default-7b249638-09df-45a2-b72f-392ddea03793/flows/08f34f3e-e071-4034-bad1-64cf872c4ba7; type=Microsoft.ProcessSimple/environments/flows; properties=}"
"1b6c180e-5a8e-42d4-bea6-ac0836e902ba","True","Beställning av ny användare","Owner","12.08.2019 14:27:05","@{tenantId=7b249638-09df-45a2-b72f-392ddea03793; objectId=6921b534-dd3f-4b8b-9e4c-d50dbd6d066b; userId=6921b534-dd3f-4b8b-9e4c-d50dbd6d066b; userType=ActiveDirectory}","05.09.2022 17:59:32","Default-7b249638-09df-45a2-b72f-392ddea03793","@{name=1b6c180e-5a8e-42d4-bea6-ac0836e902ba; id=/providers/Microsoft.ProcessSimple/environments/Default-7b249638-09df-45a2-b72f-392ddea03793/flows/1b6c180e-5a8e-42d4-bea6-ac0836e902ba; type=Microsoft.ProcessSimple/environments/flows; properties=}"
"21abcb5e-0fab-4306-8916-3360ff00958b","True","Anställningsflöde - steg 1 - uppskapning konto","Owner","26.04.2022 23:25:00","@{tenantId=7b249638-09df-45a2-b72f-392ddea03793; objectId=6921b534-dd3f-4b8b-9e4c-d50dbd6d066b; userId=6921b534-dd3f-4b8b-9e4c-d50dbd6d066b; userType=ActiveDirectory}","11.10.2022 15:05:55","Default-7b249638-09df-45a2-b72f-392ddea03793","@{name=21abcb5e-0fab-4306-8916-3360ff00958b; id=/providers/Microsoft.ProcessSimple/environments/Default-7b249638-09df-45a2-b72f-392ddea03793/flows/21abcb5e-0fab-4306-8916-3360ff00958b; type=Microsoft.ProcessSimple/environments/flows; properties=}"
"2269e656-2e4f-4472-a380-ab4253a5a123","True","Test HTTP ID request","Owner","21.09.2022 21:54:43","@{tenantId=7b249638-09df-45a2-b72f-392ddea03793; objectId=6921b534-dd3f-4b8b-9e4c-d50dbd6d066b; userId=6921b534-dd3f-4b8b-9e4c-d50dbd6d066b; userType=ActiveDirectory}","21.09.2022 21:54:43","Default-7b249638-09df-45a2-b72f-392ddea03793","@{name=2269e656-2e4f-4472-a380-ab4253a5a123; id=/providers/Microsoft.ProcessSimple/environments/Default-7b249638-09df-45a2-b72f-392ddea03793/flows/2269e656-2e4f-4472-a380-ab4253a5a123; type=Microsoft.ProcessSimple/environments/flows; properties=}"
"2e442406-52f9-4fa6-8e61-5bb3f18e4665","True","Beställning av ny Sharepoint Team Site","Owner","09.09.2019 09:28:46","@{tenantId=7b249638-09df-45a2-b72f-392ddea03793; objectId=6921b534-dd3f-4b8b-9e4c-d50dbd6d066b; userId=6921b534-dd3f-4b8b-9e4c-d50dbd6d066b; userType=ActiveDirectory}","05.09.2022 18:08:18","Default-7b249638-09df-45a2-b72f-392ddea03793","@{name=2e442406-52f9-4fa6-8e61-5bb3f18e4665; id=/providers/Microsoft.ProcessSimple/environments/Default-7b249638-09df-45a2-b72f-392ddea03793/flows/2e442406-52f9-4fa6-8e61-5bb3f18e4665; type=Microsoft.ProcessSimple/environments/flows; properties=}"
"a923efb2-dcd0-4905-ab7b-8d337eca4512","True","Anställningsflöde - steg 0 - Bekräftelsemail och godkännande","Owner","23.05.2022 22:52:28","@{tenantId=7b249638-09df-45a2-b72f-392ddea03793; objectId=6921b534-dd3f-4b8b-9e4c-d50dbd6d066b; userId=6921b534-dd3f-4b8b-9e4c-d50dbd6d066b; userType=ActiveDirectory}","17.09.2022 18:58:11","Default-7b249638-09df-45a2-b72f-392ddea03793","@{name=a923efb2-dcd0-4905-ab7b-8d337eca4512; id=/providers/Microsoft.ProcessSimple/environments/Default-7b249638-09df-45a2-b72f-392ddea03793/flows/a923efb2-dcd0-4905-ab7b-8d337eca4512; type=Microsoft.ProcessSimple/environments/flows; properties=}"
"afd0d1c2-3b4e-41c0-9aa2-907fcffdbe74","True","Uppdatera beläggning (Rapporter BI Ax 2012) - PROD","Owner","19.02.2020 13:54:18","@{tenantId=7b249638-09df-45a2-b72f-392ddea03793; objectId=6921b534-dd3f-4b8b-9e4c-d50dbd6d066b; userId=6921b534-dd3f-4b8b-9e4c-d50dbd6d066b; userType=ActiveDirectory}","05.09.2022 18:04:24","Default-7b249638-09df-45a2-b72f-392ddea03793","@{name=afd0d1c2-3b4e-41c0-9aa2-907fcffdbe74; id=/providers/Microsoft.ProcessSimple/environments/Default-7b249638-09df-45a2-b72f-392ddea03793/flows/afd0d1c2-3b4e-41c0-9aa2-907fcffdbe74; type=Microsoft.ProcessSimple/environments/flows; properties=}"
"c152e7f9-b9fd-451a-be25-0e87ff56afe0","False","Anställningsflöde - Steg 2 - Hämta användardata","Owner","24.05.2022 23:25:34","@{tenantId=7b249638-09df-45a2-b72f-392ddea03793; objectId=6921b534-dd3f-4b8b-9e4c-d50dbd6d066b; userId=6921b534-dd3f-4b8b-9e4c-d50dbd6d066b; userType=ActiveDirectory}","11.10.2022 09:13:34","Default-7b249638-09df-45a2-b72f-392ddea03793","@{name=c152e7f9-b9fd-451a-be25-0e87ff56afe0; id=/providers/Microsoft.ProcessSimple/environments/Default-7b249638-09df-45a2-b72f-392ddea03793/flows/c152e7f9-b9fd-451a-be25-0e87ff56afe0; type=Microsoft.ProcessSimple/environments/flows; properties=}"
"c4d0c0d7-bc44-49e3-99e5-60302c7240d7","True","Anställningsflöde - Steg 3 - Välkomstbrev","Owner","19.04.2022 21:30:08","@{tenantId=7b249638-09df-45a2-b72f-392ddea03793; objectId=6921b534-dd3f-4b8b-9e4c-d50dbd6d066b; userId=6921b534-dd3f-4b8b-9e4c-d50dbd6d066b; userType=ActiveDirectory}","14.09.2022 16:15:39","Default-7b249638-09df-45a2-b72f-392ddea03793","@{name=c4d0c0d7-bc44-49e3-99e5-60302c7240d7; id=/providers/Microsoft.ProcessSimple/environments/Default-7b249638-09df-45a2-b72f-392ddea03793/flows/c4d0c0d7-bc44-49e3-99e5-60302c7240d7; type=Microsoft.ProcessSimple/environments/flows; properties=}"
"d1f74126-3eb2-438e-86dd-e9a6fa96a49d","True","Test HTTP request","Owner","16.09.2022 10:03:05","@{tenantId=7b249638-09df-45a2-b72f-392ddea03793; objectId=6921b534-dd3f-4b8b-9e4c-d50dbd6d066b; userId=6921b534-dd3f-4b8b-9e4c-d50dbd6d066b; userType=ActiveDirectory}","11.10.2022 07:17:09","Default-7b249638-09df-45a2-b72f-392ddea03793","@{name=d1f74126-3eb2-438e-86dd-e9a6fa96a49d; id=/providers/Microsoft.ProcessSimple/environments/Default-7b249638-09df-45a2-b72f-392ddea03793/flows/d1f74126-3eb2-438e-86dd-e9a6fa96a49d; type=Microsoft.ProcessSimple/environments/flows; properties=}"
"d7325280-18b7-48dc-abfe-e6a6bf624f9d","True","Anställningsflöde - Steg 2 - Hämta användardata v2 ","Owner","11.10.2022 12:50:04","@{tenantId=7b249638-09df-45a2-b72f-392ddea03793; objectId=6921b534-dd3f-4b8b-9e4c-d50dbd6d066b; userId=6921b534-dd3f-4b8b-9e4c-d50dbd6d066b; userType=ActiveDirectory}","11.10.2022 18:17:54","Default-7b249638-09df-45a2-b72f-392ddea03793","@{name=d7325280-18b7-48dc-abfe-e6a6bf624f9d; id=/providers/Microsoft.ProcessSimple/environments/Default-7b249638-09df-45a2-b72f-392ddea03793/flows/d7325280-18b7-48dc-abfe-e6a6bf624f9d; type=Microsoft.ProcessSimple/environments/flows; properties=}"
"fdfa960c-0102-41f1-8c02-a7d7713363fe","True","Namnbyte via PowerApps","Owner","02.04.2020 14:37:09","@{tenantId=7b249638-09df-45a2-b72f-392ddea03793; objectId=6921b534-dd3f-4b8b-9e4c-d50dbd6d066b; userId=6921b534-dd3f-4b8b-9e4c-d50dbd6d066b; userType=ActiveDirectory}","25.10.2022 14:12:17","Default-7b249638-09df-45a2-b72f-392ddea03793","@{name=fdfa960c-0102-41f1-8c02-a7d7713363fe; id=/providers/Microsoft.ProcessSimple/environments/Default-7b249638-09df-45a2-b72f-392ddea03793/flows/fdfa960c-0102-41f1-8c02-a7d7713363fe; type=Microsoft.ProcessSimple/environments/flows; properties=}"
"9bf66d1d-86b7-4c1a-bf0b-433ddaa29007","False","OTO - Anmälning","Owner","25.08.2020 12:22:24","@{tenantId=7b249638-09df-45a2-b72f-392ddea03793; objectId=c1d7df95-e5c7-4156-8205-5da99fc3ff26; userId=c1d7df95-e5c7-4156-8205-5da99fc3ff26; userType=ActiveDirectory}","02.09.2020 15:02:51","Default-7b249638-09df-45a2-b72f-392ddea03793","@{name=9bf66d1d-86b7-4c1a-bf0b-433ddaa29007; id=/providers/Microsoft.ProcessSimple/environments/Default-7b249638-09df-45a2-b72f-392ddea03793/flows/9bf66d1d-86b7-4c1a-bf0b-433ddaa29007; type=Microsoft.ProcessSimple/environments/flows; properties=}"
"e8278b8c-cf0c-4587-a51e-fc89478ac95a","False","Copy of - OTO - Anmälning Backup","Owner","02.09.2020 12:38:07","@{tenantId=7b249638-09df-45a2-b72f-392ddea03793; objectId=c1d7df95-e5c7-4156-8205-5da99fc3ff26; userId=c1d7df95-e5c7-4156-8205-5da99fc3ff26; userType=ActiveDirectory}","02.09.2020 12:38:08","Default-7b249638-09df-45a2-b72f-392ddea03793","@{name=e8278b8c-cf0c-4587-a51e-fc89478ac95a; id=/providers/Microsoft.ProcessSimple/environments/Default-7b249638-09df-45a2-b72f-392ddea03793/flows/e8278b8c-cf0c-4587-a51e-fc89478ac95a; type=Microsoft.ProcessSimple/environments/flows; properties=}"
"98d0a576-f538-4f8b-9f24-4ebb162619ab","False","När ett nytt e-postmeddelande tas emot (v3) -> Flytta e-post (V2)","Owner","29.06.2022 11:42:43","@{tenantId=7b249638-09df-45a2-b72f-392ddea03793; objectId=dfa1193e-4135-45ca-8ab4-909669cf27b8; userId=dfa1193e-4135-45ca-8ab4-909669cf27b8; userType=ActiveDirectory}","29.06.2022 11:44:40","Default-7b249638-09df-45a2-b72f-392ddea03793","@{name=98d0a576-f538-4f8b-9f24-4ebb162619ab; id=/providers/Microsoft.ProcessSimple/environments/Default-7b249638-09df-45a2-b72f-392ddea03793/flows/98d0a576-f538-4f8b-9f24-4ebb162619ab; type=Microsoft.ProcessSimple/environments/flows; properties=}"
"e87ba799-0af6-45f3-aaf1-18baa00c6eef","True","PowerApp -> Skapa wordfil automatisk med mall","Owner","22.02.2022 16:02:01","@{tenantId=7b249638-09df-45a2-b72f-392ddea03793; objectId=dfa1193e-4135-45ca-8ab4-909669cf27b8; userId=dfa1193e-4135-45ca-8ab4-909669cf27b8; userType=ActiveDirectory}","24.03.2022 12:19:52","Default-7b249638-09df-45a2-b72f-392ddea03793","@{name=e87ba799-0af6-45f3-aaf1-18baa00c6eef; id=/providers/Microsoft.ProcessSimple/environments/Default-7b249638-09df-45a2-b72f-392ddea03793/flows/e87ba799-0af6-45f3-aaf1-18baa00c6eef; type=Microsoft.ProcessSimple/environments/flows; properties=}"
"00e65114-e923-45f8-ad6e-a1fa07fb9e7e","True","Klicka på en knapp för att läsa information från fakturor med AI Builder","Owner","06.07.2022 09:45:58","@{tenantId=7b249638-09df-45a2-b72f-392ddea03793; objectId=e7f0bf6c-62ac-4033-8dda-221ea38ff711; userId=e7f0bf6c-62ac-4033-8dda-221ea38ff711; userType=ActiveDirectory}","06.07.2022 10:54:21","Default-7b249638-09df-45a2-b72f-392ddea03793","@{name=00e65114-e923-45f8-ad6e-a1fa07fb9e7e; id=/providers/Microsoft.ProcessSimple/environments/Default-7b249638-09df-45a2-b72f-392ddea03793/flows/00e65114-e923-45f8-ad6e-a1fa07fb9e7e; type=Microsoft.ProcessSimple/environments/flows; properties=}"
"2b2f0181-189a-4f9e-a246-8e677786a44e","True","Namnlös översikt - Namnlös rad - 1e82bbce-f0e0-ec11-bb3c-000d3ab44803","Owner","31.05.2022 14:49:34","@{tenantId=7b249638-09df-45a2-b72f-392ddea03793; objectId=e7f0bf6c-62ac-4033-8dda-221ea38ff711; userId=e7f0bf6c-62ac-4033-8dda-221ea38ff711; userType=ActiveDirectory}","31.05.2022 14:49:35","Default-7b249638-09df-45a2-b72f-392ddea03793","@{name=2b2f0181-189a-4f9e-a246-8e677786a44e; id=/providers/Microsoft.ProcessSimple/environments/Default-7b249638-09df-45a2-b72f-392ddea03793/flows/2b2f0181-189a-4f9e-a246-8e677786a44e; type=Microsoft.ProcessSimple/environments/flows; properties=}"
"326b7bf0-db4c-482f-9978-0689c76e96ef","False","Skapa Planner-uppgifter för flaggade e-postmeddelanden i Office 365","Owner","04.04.2022 11:11:05","@{tenantId=7b249638-09df-45a2-b72f-392ddea03793; objectId=e7f0bf6c-62ac-4033-8dda-221ea38ff711; userId=e7f0bf6c-62ac-4033-8dda-221ea38ff711; userType=ActiveDirectory}","04.04.2022 12:35:23","Default-7b249638-09df-45a2-b72f-392ddea03793","@{name=326b7bf0-db4c-482f-9978-0689c76e96ef; id=/providers/Microsoft.ProcessSimple/environments/Default-7b249638-09df-45a2-b72f-392ddea03793/flows/326b7bf0-db4c-482f-9978-0689c76e96ef; type=Microsoft.ProcessSimple/environments/flows; properties=}"
"39568360-fa60-487d-b9f3-56e6b3242cdd","True","Begär godkännande av chefen för en vald fil","Owner","13.05.2022 07:15:59","@{tenantId=7b249638-09df-45a2-b72f-392ddea03793; objectId=e7f0bf6c-62ac-4033-8dda-221ea38ff711; userId=e7f0bf6c-62ac-4033-8dda-221ea38ff711; userType=ActiveDirectory}","16.05.2022 06:58:34","Default-7b249638-09df-45a2-b72f-392ddea03793","@{name=39568360-fa60-487d-b9f3-56e6b3242cdd; id=/providers/Microsoft.ProcessSimple/environments/Default-7b249638-09df-45a2-b72f-392ddea03793/flows/39568360-fa60-487d-b9f3-56e6b3242cdd; type=Microsoft.ProcessSimple/environments/flows; properties=}"
"7495432c-0ccb-4434-9f13-4bd89bc35bb2","True","Extrahera text från bilder eller PDF-dokument med textigenkänningsfunktionen i AI Builder","Owner","06.07.2022 14:01:02","@{tenantId=7b249638-09df-45a2-b72f-392ddea03793; objectId=e7f0bf6c-62ac-4033-8dda-221ea38ff711; userId=e7f0bf6c-62ac-4033-8dda-221ea38ff711; userType=ActiveDirectory}","06.07.2022 14:07:13","Default-7b249638-09df-45a2-b72f-392ddea03793","@{name=7495432c-0ccb-4434-9f13-4bd89bc35bb2; id=/providers/Microsoft.ProcessSimple/environments/Default-7b249638-09df-45a2-b72f-392ddea03793/flows/7495432c-0ccb-4434-9f13-4bd89bc35bb2; type=Microsoft.ProcessSimple/environments/flows; properties=}"
"ce08725a-e04b-4cf3-8194-1b4cbab06f9f","False","Use form processing model to extract data from documents in OneDrive","Owner","06.07.2022 12:18:38","@{tenantId=7b249638-09df-45a2-b72f-392ddea03793; objectId=e7f0bf6c-62ac-4033-8dda-221ea38ff711; userId=e7f0bf6c-62ac-4033-8dda-221ea38ff711; userType=ActiveDirectory}","06.07.2022 13:26:56","Default-7b249638-09df-45a2-b72f-392ddea03793","@{name=ce08725a-e04b-4cf3-8194-1b4cbab06f9f; id=/providers/Microsoft.ProcessSimple/environments/Default-7b249638-09df-45a2-b72f-392ddea03793/flows/ce08725a-e04b-4cf3-8194-1b4cbab06f9f; type=Microsoft.ProcessSimple/environments/flows; properties=}"
"db5c3b70-fffc-43d1-bcf6-b10d5f3a6ea5","True","Namnlös översikt - Namnlös rad - b5e4ea86-f0e0-ec11-bb3c-000d3ab44803","Owner","31.05.2022 14:47:42","@{tenantId=7b249638-09df-45a2-b72f-392ddea03793; objectId=e7f0bf6c-62ac-4033-8dda-221ea38ff711; userId=e7f0bf6c-62ac-4033-8dda-221ea38ff711; userType=ActiveDirectory}","31.05.2022 14:47:42","Default-7b249638-09df-45a2-b72f-392ddea03793","@{name=db5c3b70-fffc-43d1-bcf6-b10d5f3a6ea5; id=/providers/Microsoft.ProcessSimple/environments/Default-7b249638-09df-45a2-b72f-392ddea03793/flows/db5c3b70-fffc-43d1-bcf6-b10d5f3a6ea5; type=Microsoft.ProcessSimple/environments/flows; properties=}"
